{
  "NDVI": 0.037438,
  "Temperature (\u00b0C)": 0.852437,
  "LULC Class": 0.110124
}